{
  "online": {
    "r2": 0.9878960251808167,
    "silhouette": -0.02416228875517845
  },
  "posthoc": {
    "r2": 0.9504567384719849,
    "silhouette": 0.03196628764271736
  },
  "pca": {
    "r2": 0.9481675624847412,
    "silhouette": 0.046256229281425476
  }
}