{
  "online_r2": 0.9878960251808167,
  "online_silhouette": -0.02416228875517845,
  "posthoc_r2": 0.9504567384719849,
  "posthoc_silhouette": 0.03196628764271736,
  "pca_r2": 0.9481707215309143,
  "pca_silhouette": 0.04625708609819412,
  "verdict": "PASS"
}